No.,Gene 1,Gene 2,KA,Byrne,Wong,Kellis,Dietrich,Notes
1,YIR018W,YOL028C,2.260,1,,,,y
2,YLR437C,YML058W,2.142,2,,1,1,
3,YOL091W,YBR148W,2.082,3,,,,y
4,YCR089W,YNR044W,1.569,4,,,,+
5,YPR162C,YLR453C,1.567,5,,,,y
6,YBL043W,YJR115W,1.559,6,,,,y
7,YKR091W,YOR083W,1.484,7,,,2,
8,YJR039W,YEL025C,1.479,8,,,,y
9,YPL112C,YOR193W,1.448,9,,,,y
10,YJL047C,YBR259W,1.415,10,,,3,
11,YJL137C,YKR058W,1.397,11,1,2,4,
12,YDR085C,YER158C,1.318,12,,3,5,
13,YIL135C,YNL074C,1.301,13,2,4,6,
14,YNL195C,YDL223C,1.253,14,,,,y
15,YDR273W,YOR042W,1.245,15,3,,7,
16,YKR078W,YOR069W,1.232,16,4,5,8,
17,YGR239C,YHR160C,1.193,17,,,9,
18,YKL093W,YMR081C,1.177,18,,,10,
19,YDR480W,YPL049C,1.102,19,,6,11,
20,YPL130W,YOR214C,1.098,20,,,,y
21,YDL239C,YNL225C,1.095,21,5,7,12,
22,YLR266C,YOR172W,1.094,22,,,,+
23,YFR039C,YGL228W,1.093,23,6,8,13,
24,YHR206W,YJR147W,1.082,24,,9,14,
25,YKR077W,YOR066W,1.080,25,,10,15,
26,YDR303C,YHR056C,1.080,26,,,16,
27,YER035W,YGL222C,1.075,27,7,,17,
28,YER045C,YIL036W,1.074,28,8,11,18,
29,YBL059W,YER093C-A,1.069,29,,12,19,
30,YMR198W,YPL253C,1.064,30,9,13,20,
31,YOR247W,YPL163C,1.035,31,,,21,
32,YIR021W,YKL011C,1.028,32,10,14,,
33,YKL105C,YMR086W,1.027,33,11,15,22,
34,YJL181W,YJR030C,1.026,34,,,,y
35,YIL117C,YNL058C,1.017,35,,16,23,
36,YKR084C,YOR076C,1.013,36,,17,24,
37,YDR028C,YBR050C,1.012,37,,,,y
38,YCR011C,YOL075C,1.007,,,,25,n
39,YOL036W,YIR016W,1.004,38,,,26,
40,YAL037W,YOR342C,0.997,39,12,18,27,
41,YDL211C,YNL176C,0.993,40,13,,28,
42,YJL076W,YKR010C,0.990,41,14,19,29,
43,YOR213C,YPL129W,0.988,42,15,,30,
44,YMR180C,YPL228W,0.984,43,16,20,31,
45,YGR035C,YLR346C,0.983,44,,,,y
46,YER028C,YGL209W,0.977,45,17,,,
47,YAL028W,YOR324C,0.975,46,18,,,
48,YLR457C,YPR174C,0.975,47,19,21,32,
49,YFR012W,YOL019W,0.973,48,20,22,33,
50,YHR146W,YNL173C,0.964,49,21,23,34,
51,YNR034W-A,YCR075W-A,0.962,50,,,,d
52,YGR142W,YPR158W,0.962,51,22,24,35,
53,YGR230W,YHR152W,0.952,52,,25,36,
54,YCL037C,YDR515W,0.949,53,23,,37,
55,YBR273C,YJL048C,0.946,54,24,26,38,
56,YBR182C,YPL089C,0.939,55,25,,39,
57,YPL250C,YMR195W,0.925,56,,,40,
58,YDR259C,YOR028C,0.923,57,26,27,41,
59,YDR223W,YLR223C,0.922,58,27,28,42,
60,YFR017C,YOL024W,0.922,59,,,,y
61,YKL050C,YMR031C,0.921,60,28,29,43,
62,YGR041W,YLR353W,0.918,61,29,30,44,
63,YBL054W,YER088C,0.917,62,30,31,45,
64,YDR206W,YLR233C,0.917,63,31,32,46,
65,YJL083W,YKR019C,0.908,64,32,33,47,
66,YAL018C,YOL048C,0.907,65,33,34,48,t
67,YMR119W,YNL008C,0.904,66,,,,y
68,YLL021W,YLR313C,0.903,67,34,35,49,
69,YFR013W,YOL017W,0.901,68,35,36,50,
70,YIL149C,YKR095W,0.897,69,36,37,51,
71,YGR071C,YLR373C,0.891,70,37,,52,
72,YHL034C,YLL046C,0.891,71,38,,53,
73,YLR273C,YOR178C,0.879,72,39,38,54,
74,YBR197C,YPL077C,0.876,73,40,39,55,
75,YIL014W,YER001W,0.868,,,,56,n
76,YDR492W,YOL101C,0.862,74,,40,57,
77,YGR188C,YJL013C,0.859,75,41,41,58,
78,YMR264W,YML101C,0.858,76,,,59,
79,YBR150C,YOL089C,0.851,77,42,42,,
80,YLR442C,YML065W,0.850,78,43,43,60,
81,YNL309W,YOL131W,0.847,79,,,,y
82,YGL133W,YPL216W,0.835,80,44,44,61,
83,YBR278W,YJL065C,0.832,81,,45,62,
84,YGR049W,YLR356W,0.831,82,,,63,
85,YKL062W,YMR037C,0.830,83,45,46,64,
86,YDR146C,YLR131C,0.830,84,46,47,65,
87,YGR221C,YHR149C,0.829,85,47,48,66,
88,YHR133C,YNL156C,0.826,86,48,49,67,
89,YCR052W,YNR023W,0.824,87,49,50,68,
90,YDL226C,YNL204C,0.818,88,50,51,69,
91,YFL042C,YLR072W,0.812,89,,52,70,w
92,YGL096W,YPL177C,0.809,90,51,53,71,
93,YDR309C,YHR061C,0.805,91,52,54,72,
94,YBL009W,YGL021W,0.798,92,53,55,73,
95,YDL204W,YDR233C,0.797,93,54,56,74,
96,YMR206W,YNR014W,0.796,94,,,75,
97,YMR192W,YPL249C,0.795,95,55,57,76,
98,YDR379W,YOR127W,0.794,96,56,58,77,
99,YJL105W,YKR029C,0.793,97,57,59,78,
100,YKL133C,YMR115W,0.788,98,58,60,79,
101,YEL007W,YHR177W,0.786,99,,,,y
102,YML109W,YMR273C,0.785,100,59,61,80,
103,YDL224C,YNL197C,0.779,101,60,62,81,
104,YLR031W,YMR124W,0.778,102,61,,82,
105,YDL088C,YMR153W,0.778,103,62,63,83,
106,YDR458C,YML034W,0.776,104,63,64,84,
107,YHR131C,YNL144C,0.773,105,64,65,85,
108,YCL051W,YDR528W,0.772,106,65,66,86,
109,YDR501W,YLR183C,0.769,107,66,67,87,
110,YML007W,YDR423C,0.767,108,,68,88,
111,YMR181C,YPL229W,0.764,109,67,69,89,
112,YLR187W,YNL278W,0.764,110,,70,90,
113,YGR213C,YLR046C,0.760,111,68,,,
114,YKL068W,YMR047C,0.759,112,69,71,91,
115,YGR283C,YMR310C,0.752,113,70,72,92,
116,YBL101C,YPR030W,0.746,114,71,73,93,
117,YCR069W,YNR028W,0.745,115,72,74,94,
118,YKL032C,YMR072W,0.740,116,,75,,
119,YDR409W,YOR156C,0.733,117,73,76,95,
120,YBR216C,YGL060W,0.732,118,74,77,96,
121,YGL071W,YPL202C,0.726,119,75,78,97,
122,YJL112W,YKR036C,0.719,120,76,79,98,
123,YMR182C,YPL230W,0.719,121,77,,99,
124,YBL005W,YGL013C,0.715,122,78,80,,
125,YGL134W,YPL219W,0.715,123,79,81,100,
126,YGL162W,YPR009W,0.711,124,80,82,101,
127,YBR172C,YPL105C,0.711,125,81,83,102,
128,YDR451C,YML027W,0.709,126,82,84,103,
129,YDR066C,YER139C,0.708,127,83,85,104,
130,YLL051C,YKL220C,0.702,128,,86,,
131,YDR475C,YOR019W,0.698,129,,,,"w,k,d"
132,YMR233W,YOR295W,0.692,130,84,87,105,
133,YHR155W,YNL257C,0.688,131,,88,106,
134,YDR438W,YML018C,0.681,132,85,89,107,
135,YDR147W,YLR133W,0.679,133,86,90,108,
136,YBL091C-A,YER120W,0.677,134,87,,109,
137,YGL166W,YPR008W,0.669,135,88,91,110,
138,YDR251W,YPL032C,0.660,136,89,92,111,
139,YAL056W,YOR371C,0.656,137,90,93,112,
140,YGR023W,YLR332W,0.647,138,91,,113,
141,YDR463W,YHR006W,0.645,139,92,94,,
142,YBL085W,YER114C,0.643,140,93,95,114,
143,YBL061C,YER096W,0.643,141,94,96,115,
144,YOR229W,YPL139C,0.642,142,,97,116,t
145,YBR014C,YDL010W,0.642,143,,98,117,
146,YER054C,YIL045W,0.639,144,95,99,118,
147,YKL141W,YMR118C,0.630,145,96,100,119,
148,YMR175W,YPL223C,0.629,146,,,,y
149,YDR264C,YOR034C,0.621,147,97,101,120,
150,YLL016W,YLR310C,0.620,148,,102,121,w
151,YNL065W,YIL120W,0.619,149,,,,d
152,YDL070W,YLR399C,0.618,150,98,103,122,
153,YFL018C,YPL017C,0.617,151,,,123,
154,YDL214C,YNL183C,0.617,152,99,104,124,
155,YFR022W,YOR018W,0.616,153,,,,y
156,YLR277C,YOR179C,0.610,154,100,105,125,
157,YHL012W,YKL035W,0.609,155,101,106,126,
158,YKR075C,YOR062C,0.604,156,102,107,127,
159,YKL043W,YMR016C,0.600,157,103,108,128,
160,YDR490C,YOL100W,0.598,158,104,109,129,
161,YJL165C,YKL168C,0.598,159,105,110,130,
162,YAL051W,YOR363C,0.594,160,106,111,131,
163,YDR326C,YHR080C,0.594,161,107,112,132,
164,YDR389W,YOR134W,0.593,162,108,113,133,
165,YIL158W,YKR100C,0.591,163,,114,134,
166,YAL015C,YOL043C,0.586,164,109,115,135,
167,YJL110C,YKR034W,0.585,165,110,116,136,
168,YER064C,YIL056W,0.583,166,111,117,137,
169,YIR033W,YKL020C,0.583,167,112,118,138,
170,YDR483W,YPL053C,0.581,168,,119,139,
171,YKL121W,YMR102C,0.579,169,113,120,140,
172,YNL283C,YOL105C,0.577,170,114,,141,
173,YER011W,YIL011W,0.576,,,,142,n
174,YGL063W,YPL212C,0.573,171,115,121,143,
175,YNL307C,YOL128C,0.573,172,116,122,144,
176,YJL084C,YKR021W,0.572,173,117,123,145,
177,YCR067C,YNR026C,0.571,174,118,124,146,
178,YCL036W,YDR514C,0.570,175,119,125,147,
179,YJR127C,YML081W,0.569,176,120,126,148,
180,YDR132C,YLR108C,0.567,177,121,127,149,
181,YDR151C,YLR136C,0.566,178,122,128,150,
182,YDR096W,YER169W,0.566,179,123,129,151,
183,YAL034C,YOR338W,0.565,180,124,130,152,
184,YKL132C,YMR113W,0.562,181,125,131,153,
185,YJR054W,YML047C,0.562,182,126,132,154,
186,YER129W,YGL179C,0.561,183,127,133,155,
187,YGR097W,YPR115W,0.561,184,128,134,156,
188,YBR042C,YDR018C,0.557,185,129,,157,
189,YFR023W,YHR015W,0.557,186,130,135,158,
190,YCR026C,YEL016C,0.556,187,131,,159,
191,YDR351W,YHR103W,0.554,188,132,136,160,
192,YBR066C,YDR043C,0.554,189,133,137,161,
193,YBL079W,YER105C,0.553,190,134,138,162,
194,YGR238C,YHR158C,0.552,191,135,139,163,
195,YCL043C,YDR518W,0.549,192,136,140,164,
196,YJR061W,YKL201C,0.549,193,137,141,165,
197,YBR284W,YJL070C,0.547,194,138,142,166,
198,YDR069C,YER144C,0.543,195,139,143,167,
199,YNL001W,YCL001W-B,0.543,196,,144,,d
200,YJL098W,YKR028W,0.542,197,140,145,168,
201,YHR139C,YNL160W,0.542,198,141,146,,
202,YDR253C,YPL038W,0.539,199,142,147,169,
203,YCL048W,YDR522C,0.537,200,143,148,170,
204,YDR200C,YLR238W,0.534,201,144,149,171,
205,YGL082W,YPL191C,0.534,202,145,150,172,
206,YKL187C,YLR413W,0.533,203,146,,173,
207,YBR049C,YDR026C,0.530,204,147,151,174,
208,YJL099W,YKR027W,0.529,205,148,152,175,
209,YIL079C,YDL175C,0.526,206,,153,176,
210,YIL113W,YNL053W,0.522,207,149,154,177,
211,YGL158W,YLR248W,0.520,208,,155,178,
212,YER132C,YGL197W,0.519,209,150,156,179,
213,YBR241C,YGL104C,0.519,210,151,157,180,
214,YGR273C,YMR295C,0.519,211,152,158,181,
215,YLR284C,YOR180C,0.519,212,153,159,182,
216,YML118W,YMR285C,0.518,213,154,160,183,
217,YBR270C,YJL058C,0.515,214,155,161,184,
218,YOR233W,YPL141C,0.515,215,156,162,185,
219,YBL067C,YER098W,0.515,216,157,163,186,
220,YOR256C,YPL176C,0.513,217,158,164,187,
221,YDR125C,YLR099C,0.512,218,159,165,188,
222,YGR004W,YLR324W,0.511,219,160,166,189,
223,YLR456W,YPR172W,0.509,220,161,167,190,
224,YOR227W,YPL137C,0.507,221,162,168,191,
225,YGR197C,YJR015W,0.503,222,163,,,
226,YIL156W,YKR098C,0.501,223,164,169,192,
227,YAL053W,YOR365C,0.499,224,165,170,193,
228,YBR005W,YDR003W,0.497,225,166,171,194,
229,YFL048C,YLR080W,0.496,226,167,172,195,
230,YIL151C,YKR096W,0.493,227,168,173,196,
231,YBR140C,YOL081W,0.493,228,169,174,197,
232,YBR238C,YGL107C,0.492,229,170,175,198,
233,YML125C,YML087C,0.490,230,171,176,199,
234,YCL011C,YNL004W,0.484,231,172,177,200,
235,YKL072W,YMR053C,0.481,232,173,178,201,
236,YDL109C,YGL144C,0.480,233,174,179,202,
237,YDR144C,YLR120C,0.478,234,175,180,,"d,t"
238,YDR348C,YHR097C,0.476,235,176,181,203,
239,YER037W,YGL224C,0.476,236,177,182,204,
240,YDR247W,YPL026C,0.475,237,178,183,205,
241,YIL131C,YNL068C,0.473,238,179,184,206,
242,YMR222C,YOR280C,0.471,239,180,185,207,
243,YJR091C,YPR042C,0.470,240,181,186,208,
244,YKR089C,YOR081C,0.468,241,182,187,209,
245,YDR213W,YLR228C,0.465,242,183,188,210,
246,YJR059W,YKL198C,0.465,243,184,189,211,
247,YFR040W,YGL229C,0.465,244,185,190,212,
248,YGR241C,YHR161C,0.464,245,186,,213,
249,YHR003C,YKL027W,0.463,246,187,191,214,
250,YCR048W,YNR019W,0.462,247,188,192,215,
251,YCL024W,YDR507C,0.461,248,189,193,216,
252,YEL041W,YJR049C,0.460,249,190,194,217,
253,YIL095W,YNL020C,0.459,250,191,195,218,
254,YNL293W,YOL112W,0.456,251,192,196,219,
255,YDL179W,YDL127W,0.454,252,193,197,220,
256,YDL048C,YLR375W,0.454,253,194,,221,
257,YGR248W,YHR163W,0.453,254,195,,222,
258,YKR072C,YOR054C,0.451,255,196,198,223,
259,YDL155W,YLR210W,0.447,256,197,199,224,
260,YDR252W,YPL037C,0.444,257,198,200,225,
261,YMR177W,YPL224C,0.443,258,199,201,226,
262,YAL029C,YOR326W,0.442,259,200,202,227,
263,YDR178W,YLR164W,0.442,260,201,203,228,
264,YGR109C,YPR120C,0.440,261,202,204,229,
265,YHL017W,YKL039W,0.438,262,203,205,230,
266,YER027C,YGL208W,0.437,263,204,206,231,
267,YDL222C,YNL194C,0.435,264,205,207,232,
268,YDR358W,YHR108W,0.432,265,206,208,233,
269,YGR056W,YLR357W,0.432,266,207,209,234,
270,YGR070W,YLR371W,0.429,267,208,,235,
271,YHL035C,YLL048C,0.428,268,209,210,236,
272,YJL134W,YKR053C,0.428,269,210,211,237,
273,YIL114C,YNL055C,0.426,270,211,,238,
274,YDL181W,YDL130W-A,0.426,271,212,212,239,
275,YKL065C,YMR040W,0.426,272,213,213,240,
276,YJL129C,YKR050W,0.425,273,214,214,241,
277,YLL010C,YLR019W,0.424,274,215,215,242,
278,YER059W,YIL050W,0.423,275,216,216,243,
279,YDR505C,YLR177W,0.422,276,217,217,244,
280,YBL089W,YER119C,0.419,277,218,218,245,
281,YEL022W,YJR031C,0.419,278,219,219,246,
282,YHR117W,YNL121C,0.418,279,220,220,247,
283,YDR263C,YOR033C,0.416,280,221,221,248,
284,YDR222W,YLR225C,0.416,281,222,222,,
285,YML111W,YMR275C,0.414,282,223,223,249,
286,YIL085C,YNL029C,0.412,283,224,224,,
287,YIL105C,YNL047C,0.409,284,225,225,250,
288,YHR030C,YKL161C,0.405,285,,226,251,
289,YCR073C,YNR031C,0.405,286,226,227,252,
290,YDL019C,YAR042W,0.403,287,,228,,
291,YBR183W,YPL087W,0.402,288,227,229,253,
292,YGL049C,YGR162W,0.401,289,228,230,254,
293,YNL298W,YOL113W,0.396,290,229,231,255,
294,YBR078W,YDR055W,0.394,291,230,232,256,
295,YEL060C,YOR003W,0.393,292,,233,257,
296,YJL079C,YKR013W,0.391,293,231,234,258,
297,YLL012W,YLR020C,0.390,294,232,235,259,
298,YNL087W,YOR086C,0.390,295,233,236,260,
299,YDR077W,YER150W,0.383,296,,,261,
300,YBR210W,YGL054C,0.380,297,234,237,262,
301,YLR260W,YOR171C,0.380,298,235,238,263,
302,YHR123W,YNL130C,0.375,299,236,239,264,
303,YDR185C,YLR168C,0.375,300,237,240,265,
304,YGR180C,YJL026W,0.374,301,238,241,266,
305,YML100W,YMR261C,0.374,302,239,242,267,
306,YBR052C,YDR032C,0.372,303,,243,,
307,YCR034W,YJL196C,0.371,304,240,244,268,
308,YBL106C,YPR032W,0.371,305,241,245,269,
309,YIR037W,YKL026C,0.370,306,,,,y
310,YJL160C,YKL164C,0.368,307,,246,270,t
311,YDR304C,YHR057C,0.368,308,242,247,271,
312,YMR207C,YNR016C,0.366,309,,248,272,
313,YCR091W,YNR047W,0.362,310,243,249,273,
314,YDR122W,YLR096W,0.360,311,244,250,274,
315,YMR243C,YOR316C,0.358,312,245,251,275,
316,YCR094W,YNR048W,0.358,313,246,252,276,
317,YHR132W-A,YNL157W,0.355,314,247,253,277,
318,YNL299W,YOL115W,0.354,315,248,254,278,
319,YBR177C,YPL095C,0.354,316,249,255,279,
320,YFR014C,YOL016C,0.353,317,250,256,280,
321,YAL017W,YOL045W,0.352,318,251,257,281,
322,YGL084C,YPL189W,0.352,319,252,258,282,
323,YDL194W,YDL138W,0.352,320,253,259,283,
324,YJR130C,YML082W,0.352,321,254,260,284,
325,YGR131W,YPR149W,0.349,322,255,261,285,
326,YEL006W,YIL006W,0.349,323,256,262,286,
327,YDR441C,YML022W,0.348,324,257,263,287,
328,YDL085W,YMR145C,0.347,325,258,264,288,
329,YML116W,YMR279C,0.347,326,259,265,,
330,YNL093W,YOR089C,0.347,327,260,266,289,
331,YNL098C,YOR101W,0.345,328,261,267,290,
332,YGR141W,YPR157W,0.344,329,262,268,291,
333,YBR024W,YBR037C,0.343,330,,,292,
334,YMR237W,YOR299W,0.343,331,263,269,293,
335,YDR341C,YHR091C,0.343,332,264,270,294,
336,YGR108W,YPR119W,0.342,333,265,271,295,
337,YGR169C-A,YJR005C-A,0.341,334,,,,d
338,YNL108C,YOR110W,0.338,335,266,272,296,
339,YBR147W,YOL092W,0.338,336,267,273,297,
340,YOR381W,YNR060W,0.337,337,,274,,
341,YDR436W,YML016C,0.337,338,268,275,298,
342,YDR272W,YOR040W,0.335,339,269,276,299,
343,YMR199W,YPL256C,0.335,340,270,277,300,
344,YAR002C-A,YGL002W,0.334,341,271,278,301,
345,YFL004W,YPL019C,0.333,342,272,279,302,
346,YDR277C,YOR047C,0.331,343,273,280,303,
347,YCL050C,YDR530C,0.328,344,274,281,304,
348,YDL036C,YOL066C,0.324,345,275,282,305,
349,YOR231W,YPL140C,0.323,346,276,283,306,
350,YKL104C,YMR084W,0.322,347,277,284,307,t
351,YNL106C,YOR109W,0.321,348,278,285,308,
352,YBR121C,YPR081C,0.320,349,279,286,309,
353,YHR115C,YNL116W,0.319,350,280,287,310,
354,YLR450W,YML075C,0.316,351,281,288,311,
355,YBR214W,YGL056C,0.313,352,282,289,312,
356,YLR449W,YML074C,0.305,353,283,290,313,
357,YDL042C,YOL068C,0.305,354,284,291,314,
358,YMR246W,YOR317W,0.303,355,,292,315,
359,YNL095C,YOR092W,0.302,356,285,293,316,
360,YMR008C,YOL011W,0.299,357,286,294,,t
361,YDR111C,YLR089C,0.296,358,287,295,317,
362,YOR222W,YPL134C,0.294,359,288,296,318,
363,YJL139C,YKR061W,0.294,360,289,297,319,
364,YBL056W,YER089C,0.293,361,290,298,320,
365,YDL012C,YBR016W,0.293,362,,,321,
366,YGR279C,YMR305C,0.293,363,291,299,322,
367,YDL079C,YMR139W,0.293,364,292,300,323,
368,YIL109C,YNL049C,0.292,365,293,301,324,
369,YKL091C,YMR079W,0.292,366,294,302,325,
370,YBR242W,YGL101W,0.292,367,295,303,326,
371,YNL052W,YIL111W,0.291,368,,,327,
372,YGL089C,YPL187W,0.287,369,296,304,328,
373,YFR024C-A,YHR016C,0.287,370,297,305,329,
374,YDR300C,YHR033W,0.285,371,298,306,330,
375,YEL047C,YJR051W,0.285,372,299,307,331,
376,YCL025C,YDR508C,0.283,373,300,308,332,
377,YDL161W,YLR206W,0.279,374,301,309,333,
378,YHR135C,YNL154C,0.276,375,302,310,334,
379,YJL116C,YKR042W,0.274,376,303,311,335,
380,YPL273W,YLL062C,0.273,377,,,,y
381,YNL270C,YEL063C,0.273,378,,312,336,
382,YGR136W,YPR154W,0.273,379,304,313,337,
383,YGL139W,YPL221W,0.272,380,305,314,338,
384,YLR433C,YML057W,0.271,381,306,315,339,
385,YAL023C,YOR321W,0.271,382,307,316,340,
386,YLR300W,YOR190W,0.265,383,308,317,341,
387,YDL021W,YOL056W,0.263,384,309,318,342,
388,YCL035C,YDR513W,0.261,385,310,319,343,
389,YJR066W,YKL203C,0.261,386,311,320,344,
390,YDR098C,YER174C,0.255,387,312,321,345,
391,YKL126W,YMR104C,0.254,388,313,322,346,
392,YBR161W,YPL057C,0.253,389,,323,,
393,YBL069W,YER101C,0.249,390,314,324,347,
394,YJL082W,YKR018C,0.248,391,315,325,,
395,YCR037C,YJL198W,0.247,392,316,326,348,
396,YDR368W,YOR120W,0.246,393,317,327,349,
397,YBR104W,YPR058W,0.246,394,318,328,,
398,YLR270W,YOR173W,0.244,395,319,329,350,
399,YER067W,YIL057C,0.241,396,320,330,351,
400,YOR237W,YPL145C,0.238,397,321,331,352,
401,YBR054W,YDR033W,0.237,398,322,,,
402,YIL123W,YNL066W,0.235,399,323,,353,
403,YOR016C,YAL007C,0.233,400,,,354,
404,YIL138C,YNL079C,0.233,401,324,332,355,
405,YGR008C,YLR327C,0.230,402,325,333,356,
406,YHL003C,YKL008C,0.230,403,326,334,357,
407,YGR038W,YLR350W,0.227,404,327,335,358,
408,YOR204W,YPL119C,0.225,405,328,336,359,
409,YGR043C,YLR354C,0.224,406,329,337,360,
410,YDR093W,YER166W,0.223,407,330,338,361,
411,YGR143W,YPR159W,0.221,408,331,339,362,
412,YBR117C,YPR074C,0.214,409,332,340,363,
413,YCL040W,YDR516C,0.214,410,333,341,364,
414,YJL164C,YKL166C,0.213,411,334,342,365,
415,YJL133W,YKR052C,0.212,412,335,343,366,
416,YGR243W,YHR162W,0.211,413,336,344,367,
417,YDR343C,YHR094C,0.210,414,,,,
418,YLL061W,YPL274W,0.209,415,,,,y
419,YHR047C,YKL157W,0.208,416,337,345,368,
420,YAL038W,YOR347C,0.206,417,338,346,369,
421,YHR096C,YDR345C,0.206,418,,,,w
422,YBR068C,YDR046C,0.204,419,339,347,370,t
423,YHR001W,YKR003W,0.201,420,340,348,371,
424,YCR073W-A,YNR034W,0.201,421,341,349,372,
425,YML106W,YMR271C,0.196,422,342,350,373,
426,YDL022W,YOL059W,0.195,423,343,351,374,
427,YDR107C,YLR083C,0.195,424,344,352,375,
428,YER057C,YIL051C,0.192,425,345,353,376,
429,YJR148W,YHR208W,0.188,426,,354,377,
430,YAL030W,YOR327C,0.186,427,346,355,378,
431,YGR010W,YLR328W,0.185,428,347,356,379,
432,YLR174W,YNL009W,0.178,429,,357,380,
433,YBR020W,YDR009W,0.177,430,348,,,
434,YKL129C,YMR109W,0.177,431,349,358,381,
435,YGR121C,YPR138C,0.176,432,350,359,382,
436,YOR153W,YDR406W,0.175,433,,,383,
437,YOR226C,YPL135W,0.172,434,351,360,384,
438,YBR169C,YPL106C,0.170,435,352,361,385,
439,YGR092W,YPR111W,0.170,436,353,362,386,
440,YMR183C,YPL232W,0.169,437,354,363,387,
441,YCR010C,YNR002C,0.166,438,355,,388,
442,YBR145W,YOL086C,0.160,439,,364,389,
443,YBR001C,YDR001C,0.158,440,356,365,390,
444,YER039C,YGL225W,0.156,441,357,366,391,t
445,YGR209C,YLR043C,0.153,442,358,367,392,
446,YJL159W,YKL163W,0.153,443,,368,393,t
447,YDR497C,YOL103W,0.152,444,359,369,394,
448,YCR005C,YNR001C,0.152,445,360,370,395,
449,YKL127W,YMR105C,0.147,446,361,371,396,
450,YBL039C,YJR103W,0.146,447,,372,397,
451,YFR053C,YGL253W,0.144,448,362,373,398,
452,YER031C,YGL210W,0.141,449,363,374,399,
453,YFR015C,YLR258W,0.128,450,,375,400,
454,YEL030W,YJR045C,0.123,451,364,,401,
455,YER070W,YIL066C,0.120,452,365,376,402,
456,YNL104C,YOR108W,0.119,453,366,377,403,
457,YLR028C,YMR120C,0.106,454,367,378,404,
458,YLR249W,YNL014W,0.104,455,,379,405,
459,YDR342C,YHR092C,0.100,456,,,,+
460,YDR353W,YHR106W,0.100,457,368,380,406,
461,YJL045W,YKL148C,0.099,458,369,381,407,
462,YEL039C,YJR048W,0.096,459,370,382,408,
463,YFL034C-A,YLR061W,0.088,460,371,,409,
464,YAL062W,YOR375C,0.088,461,372,383,,
465,YDR453C,YML028W,0.086,462,373,384,410,
466,YGR124W,YPR145W,0.078,463,374,385,411,
467,YBR089C-A,YPR052C,0.077,464,375,386,412,
468,YML056C,YLR432W,0.075,465,,387,413,
469,YGR032W,YLR342W,0.073,466,,388,414,
470,YBL075C,YER103W,0.071,467,376,389,415,
471,YBL068W,YER099C,0.066,468,377,390,416,
472,YNL096C,YOR096W,0.065,469,378,391,417,
473,YGR138C,YPR156C,0.065,470,379,392,418,
474,YBL030C,YBR085W,0.063,471,380,393,419,
475,YGR256W,YHR183W,0.063,472,381,394,420,
476,YDL182W,YDL131W,0.060,473,382,395,421,
477,YER081W,YIL074C,0.058,474,383,396,422,
478,YDL188C,YDL134C,0.057,475,384,397,423,
479,YML124C,YML085C,0.056,476,385,398,424,
480,YIL133C,YNL069C,0.055,477,386,399,425,
481,YDR502C,YLR180W,0.053,478,387,400,426,
482,YBR218C,YGL062W,0.045,479,388,401,427,
483,YDR500C,YLR185W,0.045,480,389,,428,
484,YER062C,YIL053W,0.044,481,390,402,429,
485,YEL034W,YJR047C,0.043,482,391,403,430,
486,YBR082C,YDR059C,0.041,483,392,404,431,
487,YDR099W,YER177W,0.038,484,393,405,432,
488,YCR024C-A,YEL017C-A,0.037,485,394,,,
489,YDL061C,YLR388W,0.037,486,395,406,433,
490,YGR214W,YLR048W,0.033,487,396,407,434,
491,YDR312W,YHR066W,0.032,488,397,408,435,
492,YLR448W,YML073C,0.031,489,398,,436,
493,YGR034W,YLR344W,0.029,490,399,409,437,
494,YGR254W,YHR174W,0.028,491,400,410,438,
495,YLR264W,YOR167C,0.027,492,401,411,439,
496,YGR192C,YJR009C,0.022,493,402,412,,
497,YDL137W,YDL192W,0.019,494,403,,440,
498,YGL031C,YGR148C,0.019,495,404,413,441,
499,YLR441C,YML063W,0.019,496,405,414,442,
500,YMR194W,YPL249C-A,0.017,497,406,415,443,
501,YBR189W,YPL081W,0.015,498,407,416,444,
502,YMR230W,YOR293W,0.014,499,408,,445,
503,YHL033C,YLL045C,0.014,500,409,,446,
504,YLR293C,YOR185C,0.013,501,410,417,447,
505,YMR242C,YOR312C,0.013,502,411,418,448,
506,YDL075W,YLR406C,0.013,503,412,419,449,
507,YHR021C,YKL156W,0.011,504,,420,450,
508,YMR186W,YPL240C,0.011,505,413,421,451,
509,YJL136C,YKR057W,0.011,506,414,,452,
510,YDR471W,YHR010W,0.009,507,415,422,453,
511,YGR027C,YLR333C,0.009,508,416,423,454,
512,YGL076C,YPL198W,0.009,509,417,424,455,
513,YER131W,YGL189C,0.007,510,418,425,456,
514,YER056C-A,YIL052C,0.007,511,419,426,457,
515,YBR191W,YPL079W,0.007,512,420,427,458,
516,YDL082W,YMR142C,0.007,513,421,,459,
517,YDR447C,YML024W,0.007,514,422,428,460,
518,YCR031C,YJL191W,0.007,515,423,429,461,
519,YKR105C,YCL069W,0.005,516,,430,,
520,YGR085C,YPR102C,0.005,517,424,431,462,
521,YJR094W-A,YPR043W,0.005,518,425,,463,
522,YJL177W,YKL180W,0.005,519,426,432,464,
523,YOR234C,YPL143W,0.004,520,427,,465,
524,YFL060C,YNL334C,0.004,521,,,,y
525,YLR029C,YMR121C,0.004,522,428,433,466,
526,YDL229W,YNL209W,0.004,523,429,434,467,
527,YHL001W,YKL006W,0.003,524,430,435,468,
528,YNL302C,YOL121C,0.003,525,431,436,469,
529,YCL073C,YKR106W,0.003,526,,437,,
530,YFL059W,YNL333W,0.002,527,,,,y
531,YBR031W,YDR012W,0.001,528,432,,470,
532,YDR385W,YOR133W,0.000,529,433,438,471,
533,YBR181C,YPL090C,0.000,530,434,,472,
534,YBL087C,YER117W,0.000,531,435,439,473,
535,YBR118W,YPR080W,0.000,532,436,440,474,
536,YBL072C,YER102W,0.000,533,437,441,475,
537,YLR287C-A,YOR182C,0.000,534,438,,476,
538,YGR118W,YPR132W,0.000,535,439,,477,
539,YDR134C,YLR110C,0.000,536,,442,478,
540,YHR203C,YJR145C,0.000,537,440,443,479,
541,YDL083C,YMR143W,0.000,538,441,,480,
542,YBL027W,YBR084C-A,0.000,539,442,444,481,
543,YGL135W,YPL220W,0.000,540,443,445,482,
544,YHR141C,YNL162W,0.000,541,444,,483,
545,YIL148W,YKR094C,0.000,542,445,,484,
546,YJL138C,YKR059W,0.000,543,446,446,485,
547,YNL301C,YOL120C,0.000,544,447,,486,
548,YER074W,YIL069C,0.000,545,448,,487,
549,YBR048W,YDR025W,0.000,546,449,447,488,
550,YDR450W,YML026C,0.000,547,450,448,489,
551,YDL191W,YDL136W,0.000,548,451,,490,
552,YDR418W,YEL054C,0.000,549,,449,491,
553,YDL184C,YDL133C-A,0.000,550,,,492,
554,YFR031C-A,YIL018W,0.000,551,,450,493,